{
 "production_tokenizer": "cl100k_base",
 "english_tokens": 27182,
 "raw_tax_per_lang": {
  "English": 1.0,
  "Spanish": 1.5441836509454787,
  "German": 1.5857184901773231,
  "Hindi": 4.759178868368774,
  "Bengali": 5.798911044073284,
  "Telugu": 8.2880582738577,
  "Tamil": 7.6437348245162235,
  "Kannada": 8.859465822971083
 },
 "tax_by_encoder": {
  "byte": {
   "English": 1.0,
   "Spanish": 1.2108088057170543,
   "German": 1.1836694525193798,
   "Hindi": 2.551886506782946,
   "Bengali": 2.609329578488372,
   "Telugu": 2.677681383236434,
   "Tamil": 3.191928597383721,
   "Kannada": 2.8424781976744184
  },
  "grapheme": {
   "English": 1.0,
   "Spanish": 1.1900110634557386,
   "German": 1.16551990664262,
   "Hindi": 0.6515162996529409,
   "Bengali": 0.6190458148310929,
   "Telugu": 0.5804676962247852,
   "Tamil": 0.7556794932027947,
   "Kannada": 0.6855629480320689
  },
  "gpt2": {
   "English": 1.0,
   "Spanish": 1.9811418429226446,
   "German": 2.141879899423162,
   "Hindi": 7.413215500665582,
   "Bengali": 9.5565005176749,
   "Telugu": 12.971342996598135,
   "Tamil": 15.536791894690134,
   "Kannada": 13.58911403638515
  },
  "cl100k_base": {
   "English": 1.0,
   "Spanish": 1.5441836509454787,
   "German": 1.5857184901773231,
   "Hindi": 4.759178868368774,
   "Bengali": 5.798911044073284,
   "Telugu": 8.2880582738577,
   "Tamil": 7.6437348245162235,
   "Kannada": 8.859465822971083
  },
  "o200k_base": {
   "English": 1.0,
   "Spanish": 1.317865515573252,
   "German": 1.310758009898411,
   "Hindi": 1.5737729319391212,
   "Bengali": 1.696572768206006,
   "Telugu": 1.9299296691846834,
   "Tamil": 1.9796449968369738,
   "Kannada": 1.971309492799464
  },
  "matched": {
   "English": 1.0,
   "Spanish": 1.152295266939842,
   "German": 1.1314507987410178,
   "Hindi": 2.542846962408694,
   "Bengali": 2.7173525743809015,
   "Telugu": 2.8921254231248885,
   "Tamil": 3.393342835085219,
   "Kannada": 2.9521646178514165
  }
 },
 "nsl_floor_per_lang": {
  "English": 1.0,
  "Spanish": 1.1227207864277786,
  "German": 1.1540351989852544,
  "Hindi": 1.0204534644046297,
  "Bengali": 1.019264309497384,
  "Telugu": 1.0416204217536071,
  "Tamil": 1.0358332012050102,
  "Kannada": 1.0581100364674172
 },
 "raw_tax_max_lang": "Kannada",
 "raw_tax_max": 8.859465822971083,
 "median_rho": 0.6421370267944737,
 "rho_ci_lo": 0.6378894568534059,
 "rho_ci_hi": 0.6465869968802033,
 "h2_spearman_rho": 0.8333333333333334,
 "nc1_kraft_sum_leq_1": true,
 "nc1_no_subfloor": true,
 "nc2_pass": true,
 "nc3_pass": true,
 "nc3_languages_over_threshold": [],
 "nc4_pass": true
}